Contract,Label
Contract1,benign
Contract2,benign
Contract3,benign
Contract4,benign
Contract5,benign
Contract6,benign
Contract7,benign
Contract8,benign
Contract9,benign
Contract10,benign
Contract11,benign
Contract12,benign
Contract13,benign
Contract14,benign
Contract15,benign
Contract16,benign
Contract17,benign
Contract18,benign
Contract19,benign
Contract20,benign
Contract21,benign
Contract22,benign
Contract23,benign
Contract24,benign
Contract25,benign
Contract26,benign
Contract27,benign
Contract28,benign
Contract29,benign
Contract30,benign
Contract31,benign
Contract32,benign
Contract33,benign
Contract34,benign
Contract35,benign
Contract36,benign
Contract37,benign
Contract38,benign
Contract39,benign
Contract40,benign
Contract41,benign
Contract42,benign
Contract43,benign
Contract44,benign
Contract45,benign
Contract46,benign
Contract47,benign
Contract48,benign
Contract49,benign
Contract50,benign
Contract51,benign
Contract52,benign
Contract53,benign
Contract54,benign
Contract55,benign
Contract56,benign
Contract57,benign
Contract58,benign
Contract59,benign
Contract60,benign
Contract61,benign
Contract62,benign
Contract63,benign
Contract64,benign
Contract65,benign
Contract66,benign
Contract67,benign
Contract68,benign
Contract69,benign
Contract70,benign
Contract71,benign
Contract72,benign
Contract73,benign
Contract74,benign
Contract75,benign
Contract76,benign
Contract77,benign
Contract78,benign
Contract79,benign
Contract80,benign
Contract81,benign
Contract82,benign
Contract83,benign
Contract84,benign
Contract85,benign
Contract86,benign
Contract87,benign
Contract88,benign
Contract89,benign
Contract90,benign
Contract91,benign
Contract92,benign
Contract93,benign
Contract94,benign
Contract95,benign
Contract96,benign
Contract97,benign
Contract98,benign
Contract99,benign
Contract100,benign
Contract101,benign
Contract102,benign
Contract103,benign
Contract104,benign
Contract105,benign
Contract106,benign
Contract107,benign
Contract108,benign
Contract109,benign
Contract110,benign
Contract111,benign
Contract112,benign
Contract113,benign
Contract114,benign
Contract115,benign
Contract116,benign
Contract117,benign
Contract118,benign
Contract119,benign
Contract120,benign
Contract121,benign
Contract122,benign
Contract123,benign
Contract124,benign
Contract125,benign
Contract126,benign
Contract127,benign
Contract128,benign
Contract129,benign
Contract130,benign
Contract131,benign
Contract132,benign
Contract133,benign
Contract134,benign
Contract135,benign
Contract136,benign
Contract137,benign
Contract138,benign
Contract139,benign
Contract140,benign
Contract141,benign
Contract142,benign
Contract143,benign
Contract144,benign
Contract145,benign
Contract146,benign
Contract147,benign
Contract148,benign
Contract149,benign
Contract150,benign
Contract151,benign
Contract152,benign
Contract153,benign
Contract154,benign
Contract155,benign
Contract156,benign
Contract157,benign
Contract158,benign
Contract159,malicious
Contract160,malicious
Contract161,malicious
Contract162,malicious
Contract163,malicious
Contract164,malicious
Contract165,malicious
Contract166,malicious
Contract167,malicious
Contract168,malicious
Contract169,malicious
Contract170,malicious
Contract171,malicious
Contract172,malicious
Contract173,malicious
Contract174,malicious
Contract175,malicious
Contract176,malicious
Contract177,malicious
Contract178,malicious
Contract179,malicious
Contract180,malicious
Contract181,malicious
Contract182,malicious
Contract183,malicious
Contract184,malicious
Contract185,malicious
Contract186,malicious
Contract187,malicious
Contract188,malicious
Contract189,malicious
Contract190,malicious
Contract191,malicious
Contract192,malicious
Contract193,malicious
Contract194,malicious
Contract195,malicious
Contract196,malicious
Contract197,malicious
Contract198,malicious
Contract199,malicious
Contract200,malicious
Contract201,malicious
Contract202,malicious
Contract203,malicious
Contract204,malicious
Contract205,malicious
Contract206,malicious
Contract207,malicious
Contract208,malicious
Contract209,malicious
Contract210,malicious
Contract211,malicious
Contract212,malicious
Contract213,malicious
Contract214,malicious
Contract215,malicious
Contract216,malicious
Contract217,malicious
Contract218,malicious
Contract219,malicious
Contract220,malicious
Contract221,malicious
Contract222,malicious
Contract223,malicious
Contract224,malicious
Contract225,malicious
Contract226,malicious
Contract227,malicious
Contract228,malicious
Contract229,malicious
Contract230,malicious
Contract231,malicious
Contract232,malicious
Contract233,malicious
Contract234,malicious
Contract235,malicious
Contract236,malicious
Contract237,malicious
Contract238,malicious
Contract239,malicious
Contract240,malicious
Contract241,malicious
Contract242,malicious
Contract243,malicious
Contract244,malicious
Contract245,malicious
Contract246,malicious
Contract247,malicious
Contract248,malicious
Contract249,malicious
Contract250,malicious
Contract251,malicious
Contract252,malicious
Contract253,malicious
Contract254,malicious
Contract255,malicious
Contract256,malicious
Contract257,malicious
Contract258,malicious
Contract259,malicious
Contract260,malicious
Contract261,malicious
Contract262,malicious
Contract263,malicious
Contract264,malicious
Contract265,malicious
Contract266,malicious
Contract267,malicious
Contract268,malicious
Contract269,malicious
Contract270,malicious
Contract271,malicious
Contract272,malicious
Contract273,malicious
Contract274,malicious
Contract275,malicious
Contract276,malicious
Contract277,malicious
Contract278,malicious
Contract279,malicious
Contract280,malicious
Contract281,malicious
Contract282,malicious
Contract283,malicious
Contract284,malicious
Contract285,malicious
Contract286,malicious
Contract287,malicious
Contract288,malicious
Contract289,malicious
Contract290,malicious
Contract291,malicious
Contract292,malicious
Contract293,malicious
Contract294,malicious
Contract295,malicious
Contract296,malicious
Contract297,malicious
Contract298,malicious
Contract299,malicious
Contract300,malicious
